Comment,Label,clean_comment
"F.o.r m.o.r.e g.u.i.d.a.n.c.e
+.
1...-3...-8...-5...-7...-7...-7...-4...-3...-9...-8...-
W-H-A-T-S-A-P-P
T.h.a.n.k.s f.o.r w.a.t.c.h.i.n.g",1,For more guidance 13857774398 WHAT S APP Thanks for watching
"â€¢Tâ€¢hâ€¢aâ€¢nâ€¢kâ€¢s fâ€¢oâ€¢r w*aâ€¢tâ€¢câ€¢hâ€¢Iâ€¢nâ€¢gâ€¢ â€¢fâ€¢oâ€¢r câ€¢râ€¢yâ€¢pâ€¢tâ€¢oâ€¢ â€¢iâ€¢nâ€¢vâ€¢eâ€¢sâ€¢tâ€¢mâ€¢eâ€¢nâ€¢tâ€¢ & â€¢gâ€¢uâ€¢iâ€¢dâ€¢aâ€¢nâ€¢câ€¢e 
â€¢â€¢ğŸ…¦..ğŸ…—...ğŸ…..ğŸ…£...ğŸ…¢...ğŸ…...ğŸ…Ÿ..ğŸ…Ÿâ€¢â€¢
+â€¢4::4::7::4::1::8::3 ::4::4::9::7â€¢â€¢3ğŸ’¬
::Tell â€¢: George :â€¢ i : referred ::â€¢ you",1,Thanks for watchIng for crypto investment guidance 4474183 44973 Tell George i referred you
Text on telegram,1,Text on telegram
"*Thanks for the feedback~ ~for more Info.*
*â€¢ W.H.A.T,â€¢S.A.P~ ~M.E â€¢*
*|+1 2 1 0 5 9 3 8 2 6 7|.*",1,Thanks for the feedback for more Info WHAT SAP ME 1 2 1 0 5 9 3 8 2 6 7
"T.h.a.n.k.s  f.o.r w.a.t.c.h.i.n.g 
F.o.r m.o.r.e g.u.i.d.a.n.c.e
W.r.i.t.e m.e o.n t.e.l.e.g.r.a.m
@Graham_Stephan1",1,Thanks for watching For more guidance Write me on telegram Graham Stephan 1
"Thanks for the feedback~ ~for more Information...
â€¢Wâ€¢Hâ€¢Aâ€¢T,â€¢Sâ€¢Aâ€¢P~ ~Mâ€¢Eâ€¢,
|+1. 2 1 0. 5 9 3. 8 2 6 7|.",1,Thanks for the feedback for more Information WHAT SAP ME 1 2 1 0 5 9 3 8 2 6 7
"I,N, V,E,S,T,=I,N, C,R,Y,P,T,O, =B,T,C, A,N,D, E,T,H, W,H,A,T,S,A,P,P, 
+, 1,8,5,6,8,7,8,2,4,2,6..âœŒï¸âœŒï¸ğŸ’¯",1,IN VEST IN CRYPTO BTC AND ETH WHAT S APP 18568782426
"Thanks for watching, for more tips on how to grow your portfolio message me.
w.h.a.t.s.a.p.p 
+.1.2.6.7.8.4.5.3.3.4.4.ğŸ’¬",1,Thanks for watching for more tips on how to grow your portfolio message me what s app 12678453344
"â€¢Tâ€¢hâ€¢aâ€¢nâ€¢kâ€¢s fâ€¢oâ€¢r w*aâ€¢tâ€¢câ€¢hâ€¢Iâ€¢nâ€¢gâ€¢ â€¢fâ€¢oâ€¢r câ€¢râ€¢yâ€¢pâ€¢tâ€¢oâ€¢ â€¢iâ€¢nâ€¢vâ€¢eâ€¢sâ€¢tâ€¢mâ€¢eâ€¢nâ€¢tâ€¢ & â€¢gâ€¢uâ€¢iâ€¢dâ€¢aâ€¢nâ€¢câ€¢e 
â€¢â€¢ğŸ…¦..ğŸ…—...ğŸ…..ğŸ…£...ğŸ…¢...ğŸ…...ğŸ…Ÿ..ğŸ…Ÿâ€¢â€¢
+â€¢1::6::2::8::2::6 ::8::7::0::0â€¢â€¢3ğŸ’¬
::Tell â€¢: Kate :â€¢ i : referred ::â€¢ you",1,Thanks for watchIng for crypto investment guidance 162826 87003 Tell Kate i referred you
"Thanks for the feedback! Don't forget to hit the Subcribe button âœ”ï¸ 
T e x t/W,, H ,, A ,, T ,, S ,, A ,, P ,, P.
@+, 1,2,1,0,5,9,3,8,2,6,7,",1,Thanks for the feedback Dont forget to hit the Sub cri be button T e x tW H A T S A P P 12105938267
"Thanks you for comment,endeavor to write as soon for enlightenment or tips 
(+) 1 7 0 2 8 0 5 0 6 2 5",1,Thanks you for comment endeavor to write as soon for enlightenment or tips 1 7 0 2 8 0 5 0 6 2 5
"[W]-[H]-[A]-[T]-[S]-[A]-[P]-[P]-DIRECTLYâ€¢*
(+1)-(9)-(1)-(7)-(3)-(1)-(0)-(0)-(7)-(3)-(3)â€¢",1,WHAT S APP DIRECTLY 19173100733
"ğŸ‘
Wâ€¢Hâ€¢Aâ€¢Tâ€¢Sâ€¢Aâ€¢Pâ€¢P
+=1= 2=6=0=8=2=9=2=4=3=5
o`n````` h`o`w```````t`o`````e`a`r`n``````m`o`r`e````l`p`r`o``f`i`t`s``'```i``n C~R~Y~P~T~O~~~>>",1,WHAT S APP 1 2608292435 on how to earn more l profits in CRYPTO
"Thanks for the feedback ~for more Information..
â€¢Wâ€¢ Hâ€¢Aâ€¢T,â€¢Sâ€¢Aâ€¢P~ ~Mâ€¢Eâ€¢,
+1. 2 1 0. 5 9 3. 8 2 6 7.â€¢",1,Thanks for the feedback for more Information W HAT SAP ME 1 2 1 0 5 9 3 8 2 6 7
"I,N, V,E,S,T,=I,N, C,R,Y,P,T,O, =B,T,C, A,N,D, E,T,H, W,H,A,T,S,A,P,P, 
+, 1,8,5,6,8,7,8,2,4,2,6........âœŒï¸âœŒï¸ğŸ’¯",1,IN VEST IN CRYPTO BTC AND ETH WHAT S APP 18568782426
"T.h.a.n.k.s  f.o.r w.a.t.c.h.i.n.g 
F.o.r m.o.r.e g.u.i.d.a.n.c.e
W.r.i.t.e m.e o.n w.h.a.t.s.a.p.p
+â€¢1â€¢3â€¢0â€¢4 â€¢2 â€¢2 â€¢0 â€¢0â€¢8 â€¢8 â€¢9",1,Thanks for watching For more guidance Write me on what s app 1304 2 2 0 08 8 9
"Fâ€¢Oâ€¢R Mâ€¢Oâ€¢Râ€¢E Gâ€¢Uâ€¢Iâ€¢Dâ€¢Iâ€¢Aâ€¢Nâ€¢Câ€¢E Oâ€¢N Tâ€¢Râ€¢Aâ€¢Dâ€¢Iâ€¢Nâ€¢G
Wâ€¢Hâ€¢Aâ€¢Tâ€¢Sâ€¢Aâ€¢Pâ€¢P

+1â€¢4â€¢2â€¢4â€¢2â€¢3â€¢6â€¢3â€¢3â€¢9â€¢2 DO WELL TO RESPOND....",1,FOR MORE GUIDI ANCE ON TRADING WHAT S APP 14242363392 DO WELL TO RESPOND
Text me on telegramâ€¢,1,Text me on telegram
"Tâ€¢Eâ€¢Lâ€¢Eâ€¢Gâ€¢Râ€¢Aâ€¢M

@channel_Repâœ“.",1,TELEGRAM channel Rep
"Wâ€¢Hâ€¢Aâ€¢Tâ€¢Sâ€¢Aâ€¢Pâ€¢P
+â€¢1â€¢7â€¢4â€¢0â€¢2â€¢9â€¢8â€¢4â€¢8â€¢7â€¢2â€¢âœ“.......",1,WHAT S APP 17402984872
"{Fâ€¢oâ€¢r}â€¢â€¢ {Mâ€¢oâ€¢râ€¢e}â€¢â€¢ {Gâ€¢uâ€¢iâ€¢dâ€¢aâ€¢nâ€¢câ€¢e}{Oâ€¢n}â€¢â€¢ {Iâ€¢nâ€¢vâ€¢eâ€¢sâ€¢tâ€¢mâ€¢eâ€¢nâ€¢tâ€¢s}â€¢â€¢ {Aâ€¢nâ€¢d}â€¢â€¢ {Pâ€¢râ€¢oâ€¢fâ€¢iâ€¢tâ€¢s}â€¢â€¢â€¢â€¢â€¢>>
Wâ€¢Hâ€¢Aâ€¢Tâ€¢Sâ€¢Aâ€¢Pâ€¢P
{+â€¢1â€¢8â€¢1â€¢2â€¢5â€¢0â€¢9â€¢3â€¢1â€¢3â€¢1}â€¢â€¢â€¢>>",1,For More Guidance On Investments And Profits WHAT S APP 18125093131
"Thanks for watching and commenting Don't forget to hit...the subscribe button for more... consultation and advice... text
Wâ€¢hâ€¢aâ€¢tâ€¢sâ€¢aâ€¢pâ€¢p
+..1..2...1..3..5..6..6..9...9..6..1",1,Thanks for watching and commenting Dont forget to hit the subscribe button for more consultation and advice text What s app 12135669961
"C....O.....N....T....A....C....T
M...E
O...N
W....H....A....T.....S....A...P....P
+4=4=7=5=2=0=6=3=3=2=7=3 âœ…",1,CONTACT ME ON WHAT S APP 447520633273
"Thanks for watching,
I have something real big i'd love to introduce you to for huge profit making.....
T.E.X.T / Wâ€¢Hâ€¢Aâ€¢Tâ€¢Sâ€¢Aâ€¢Pâ€¢P 
+â€¢1â€¢6â€¢1â€¢2â€¢9â€¢3â€¢0â€¢3â€¢5â€¢7â€¢4....",1,Thanks for watching I have something real big id love to introduce you to for huge profit making TEXT WHAT S APP 16129303574
"Thanks for your comment>>>>>>
For more guidance><
WhAtSaPp><
+<1.<3>0<5<3>1<7<6<5<0<1>>>>",1,Thanks for your comment For more guidance WhAt S aPp 13053176501
"{Fâ€¢oâ€¢r}â€¢â€¢ {Mâ€¢oâ€¢râ€¢e}â€¢â€¢ {Gâ€¢uâ€¢iâ€¢dâ€¢aâ€¢nâ€¢câ€¢e}{Oâ€¢n}â€¢â€¢ {Iâ€¢nâ€¢vâ€¢eâ€¢sâ€¢tâ€¢mâ€¢eâ€¢nâ€¢tâ€¢s}â€¢â€¢ {Aâ€¢nâ€¢d}â€¢â€¢ {Pâ€¢râ€¢oâ€¢fâ€¢iâ€¢tâ€¢s}â€¢â€¢â€¢â€¢â€¢>>
Wâ€¢Hâ€¢Aâ€¢Tâ€¢Sâ€¢Aâ€¢Pâ€¢P
{+â€¢1â€¢5â€¢6â€¢2â€¢8â€¢3â€¢3â€¢6â€¢2â€¢9â€¢7}â€¢â€¢â€¢>>",1,For More Guidance On Investments And Profits WHAT S APP 15628336297
"C....O....N.... T....A....C....T
M... E.....
O...N...
.W....H....A.... T....S....A....P....P
+1=3=2=3=5=2=2=2=4=8=9>>â‡ï¸",1,CON TACT M EON WHA TS APP 13235222489
"Wâ€¢Hâ€¢Aâ€¢Tâ€¢Sâ€¢Aâ€¢Pâ€¢P
+â€¢1â€¢7â€¢4â€¢0â€¢2â€¢9â€¢8â€¢4â€¢8â€¢7â€¢2â€¢âœ“.....",1,WHAT S APP 17402984872
"Thanks for your comment>>>
For more guidance><
WhAtSaPp><
+<1.<3>0<5<3>1<7<6<5<0<1>>",1,Thanks for your comment For more guidance WhAt S aPp 13053176501
"Tâ€¢hâ€¢aâ€¢nâ€¢kâ€¢s fâ€¢oâ€¢r tâ€¢hâ€¢e fâ€¢eâ€¢eâ€¢dâ€¢bâ€¢aâ€¢câ€¢kâ€¢
Câ€¢oâ€¢nâ€¢tâ€¢aâ€¢câ€¢t wâ€¢hâ€¢aâ€¢tâ€¢sâ€¢aâ€¢pâ€¢p
+4â€¢4â€¢7â€¢5â€¢2â€¢0â€¢6â€¢3â€¢3â€¢2â€¢7â€¢3++++++",1,Thanks for the feedback Contact what s app 447520633273
"tâ€¢hâ€¢aâ€¢nâ€¢kâ€¢s â€¢ fâ€¢oâ€¢r â€¢wâ€¢aâ€¢tâ€¢câ€¢hâ€¢i â€¢nâ€¢gâ€¢â™¥ï¸ğŸ¤œwâ€¢hâ€¢aâ€¢tâ€¢sâ€¢aâ€¢pâ€¢pâ€¢
+1=9=8=0=4=9=9=5=6=8=5",1,thanks for watch i ng what s app 19804995685
"Thanks a lot for your feedback , â€¢W.;h.:a.;t.;s.;a.;p.;p.p;m;e
+1=2=0=2=7=1=9=0=8=8=8",1,Thanks a lot for your feedback What s a ppp me 12027190888
"Thanks for your comment>
For more guidance><
WhAtSaPp><
+<1.<3>0<5<3>1<7<6<5<0<1>>>",1,Thanks for your comment For more guidance WhAt S aPp 13053176501
"Wâ€¢Hâ€¢Aâ€¢Tâ€¢Sâ€¢Aâ€¢Pâ€¢P
+â€¢1â€¢7â€¢4â€¢0â€¢2â€¢9â€¢8â€¢4â€¢8â€¢7â€¢2â€¢âœ“....",1,WHAT S APP 17402984872
"Thanks for your comment>
For more guidance><
WhAtSaPp><
+<1.<3>0<5<3>1<7<6<5<0<1>>",1,Thanks for your comment For more guidance WhAt S aPp 13053176501
"Thanks for your comment,will introduce you to something totally different and quiet profitable............T.e...x...t..+(1) ( 9) (7) (2) (9) (4) (7) (8) (6) (5) (8)",1,Thanks for your comment will introduce you to something totally different and quiet profitable Text 1 9 7 2 9 4 7 8 6 5 8
"Wâ€¢Hâ€¢Aâ€¢Tâ€¢Sâ€¢Aâ€¢Pâ€¢P
+â€¢1â€¢7â€¢4â€¢0â€¢2â€¢9â€¢8â€¢4â€¢8â€¢7â€¢2â€¢âœ“........",1,WHAT S APP 17402984872
"Wâ€¢Hâ€¢Aâ€¢Tâ€¢Sâ€¢Aâ€¢Pâ€¢P
+â€¢1â€¢9â€¢1 â€¢7 â€¢8 â€¢7â€¢7 â€¢ 7â€¢ 9 â€¢0 â€¢3
Iâ€¢nâ€¢vâ€¢eâ€¢sâ€¢t<>in<>Câ€¢râ€¢yâ€¢pâ€¢tâ€¢o",1,WHAT S APP 191 7 8 77 7 9 0 3 Invest in Crypto
"Thanks for your feedback!kindly subscribe and for more info.
Textme@+â€¢1â€¢2â€¢0â€¢2â€¢7â€¢1â€¢9â€¢0â€¢8â€¢8â€¢8",1,Thanks for your feedback kindly subscribe and for more info Text me 12027190888
"Tâ€¢eâ€¢xâ€¢t_mâ€¢e_fâ€¢oâ€¢r_sâ€¢oâ€¢mâ€¢eâ€¢tâ€¢hâ€¢iâ€¢nâ€¢g_nâ€¢ew_nâ€¢oâ€¢w_oâ€¢n_mâ€¢yâ€¢_tâ€¢râ€¢aâ€¢dâ€¢iâ€¢nâ€¢g_tâ€¢iâ€¢pâ€¢s
+4â€¢4â€¢7â€¢5â€¢2â€¢0â€¢6â€¢3â€¢3â€¢2â€¢7â€¢3",1,Text me for something new now on my trading tips 447520633273
"T.h.a.n.k.s f.o.r w.a.t.c.h.i.n.g
F..o.r m.o.r.e g.u.i.d.a.n.c.e
+1....-3...-3....-2....-2....4...-4...-0....-4....-4.....-1
Wâ€¢Aâ€¢Tâ€¢Sâ€¢Aâ€¢Pâ€¢P",1,Thanks for watching For more guidance 13322440441 WAT S APP
"Thanks for the comment,,,,feel free to text me on ğŸ“¥
          ... Wâ€¢Hâ€¢Aâ€¢Tâ€¢Sâ€¢Aâ€¢Pâ€¢P
+â€¢â€¢4â€¢â€¢4â€¢â€¢7â€¢â€¢4â€¢â€¢5â€¢â€¢1â€¢â€¢2â€¢â€¢1â€¢â€¢6â€¢â€¢3â€¢â€¢5â€¢â€¢6â€¢â€¢
For more information and support......",1,Thanks for the comment feel free to text me on WHAT S APP 447451216356 For more information and support
"[W]-â€¢[H]-â€¢[A]-â€¢[T]-â€¢[S]-â€¢[A]-â€¢[P]-â€¢[P]â€”DIRECTLYâ€¢â€¢
(+1)-â€¢(3)-â€¢(2)-â€¢(3)-â€¢(5)-â€¢(2)-â€¢(2)-â€¢(2)-(4)-â€¢(8)-â€¢(9)â€”",1,WHAT S APP DIRECTLY 13235222489
"Wâ€¢Hâ€¢Aâ€¢Tâ€¢Sâ€¢Aâ€¢Pâ€¢P
+â€¢1â€¢7â€¢4â€¢0â€¢2â€¢9â€¢8â€¢4â€¢8â€¢7â€¢2â€¢âœ“...",1,WHAT S APP 17402984872
"Thanks for your comment>>>>
For more guidance><
WhAtSaPp><
+<1.<3>0<5<3>1<7<6<5<0<1>>",1,Thanks for your comment For more guidance WhAt S aPp 13053176501
"Wâ€¢Hâ€¢Aâ€¢Tâ€¢Sâ€¢Aâ€¢Pâ€¢P
+â€¢1â€¢7â€¢4â€¢0â€¢2â€¢9â€¢8â€¢4â€¢8â€¢7â€¢2â€¢âœ“..",1,WHAT S APP 17402984872
"Wâ€¢Hâ€¢Aâ€¢Tâ€¢Sâ€¢Aâ€¢Pâ€¢P
+â€¢1â€¢8â€¢0â€¢1â€¢6â€¢9â€¢5â€¢4â€¢0â€¢4â€¢8
Iâ€¢nâ€¢vâ€¢eâ€¢sâ€¢tâ€¢<>in<>Câ€¢râ€¢yâ€¢pâ€¢â€¢tâ€¢o
Bâ€¢Tâ€¢C<>Aâ€¢Nâ€¢D<> â€¢Eâ€¢Tâ€¢H.....!!!!!!",1,WHAT S APP 18016954048 Invest in Crypto BTC AND ETH
"{Fâ€¢oâ€¢r}â€¢â€¢ {Mâ€¢oâ€¢râ€¢e}â€¢â€¢ {Gâ€¢uâ€¢iâ€¢dâ€¢aâ€¢nâ€¢câ€¢e}{Oâ€¢n}â€¢â€¢ {Iâ€¢nâ€¢vâ€¢eâ€¢sâ€¢tâ€¢mâ€¢eâ€¢nâ€¢tâ€¢s}â€¢â€¢ {Aâ€¢nâ€¢d}â€¢â€¢ {Pâ€¢râ€¢oâ€¢fâ€¢iâ€¢tâ€¢s}â€¢â€¢â€¢â€¢â€¢>>
Wâ€¢Hâ€¢Aâ€¢Tâ€¢Sâ€¢Aâ€¢Pâ€¢P
{+â€¢1â€¢5â€¢6â€¢2â€¢8â€¢3â€¢3â€¢6â€¢2â€¢9â€¢7}â€¢â€¢â€¢>>

**Iâ€™ll introduce you to life changing investments**",1,For More Guidance On Investments And Profits WHAT S APP 15628336297 Ill introduce you to life changing investments
"Wâ€¢Hâ€¢Aâ€¢Tâ€¢Sâ€¢Aâ€¢Pâ€¢P
+â€¢1â€¢7â€¢4â€¢0â€¢2â€¢9â€¢8â€¢4â€¢8â€¢7â€¢2â€¢âœ“......",1,WHAT S APP 17402984872
"*Wâ€¢Hâ€¢Aâ€¢Tâ€¢Sâ€¢Aâ€¢Pâ€¢P*
*+â€¢1â€¢9â€¢1 â€¢7 â€¢8 â€¢7â€¢7 â€¢ 7â€¢ 9 â€¢0 â€¢3*
*Iâ€¢nâ€¢vâ€¢eâ€¢sâ€¢t<>in<>Câ€¢râ€¢yâ€¢pâ€¢tâ€¢o*",1,WHAT S APP 191 7 8 77 7 9 0 3 Invest in Crypto
"Thanks for your comment>>>>>>
For more guidance><
WhAtSaPp><
+<1.<3>0<5<3>1<7<6<5<0<1>>",1,Thanks for your comment For more guidance WhAt S aPp 13053176501
"Thanks for the feedback...
+4.../4.../7.../5.../2.../0.../6.../3.../3.../2..../7..../3*
Wâ€¢â€¢Hâ€¢â€¢Aâ€¢â€¢Tâ€¢â€¢Sâ€¢â€¢Aâ€¢â€¢Pâ€¢â€¢Pâ€¢â€¢â€¢â€¢MEğŸ”†ğŸ”†ğŸ”†
Do well to respond...",1,Thanks for the feedback 447520633273 WHAT S APP MEDo well to respond
"Tha nks for wat, ching 
Wâ€¢H,Aâ€™Tâ€™S,A:P
Dâ€¢eâ€¢sâ€¢K nâ€¢o
(+1..3,1..0....6....9...5...6....2...-3...6
W/h-a)tâ€¢sa)p",1,Th a nk s for wat ching WHAT SAP DesK no 13106956236 What sap
"[W]-[H]-[A]-[T]-[S]-[A]-[P]-[P]-DIRECTLYâ€¢*
(+4)-(4)-(7)-(5)-(2)-(0)-(6)-(3)-(3)-(2)-(7)-(3)â€¢â€”â€¢",1,WHAT S APP DIRECTLY 447520633273
".+/ 1/ 7/ 6/ 0/ 8/ 3/ 6/ 6/ 5/ 8/ 6
..,",1,1 7 6 0 8 3 6 6 5 8 6
"Thanks for your comment>>>>>
For more guidance><
WhAtSaPp><
+<1.<3>0<5<3>1<7<6<5<0<1>",1,Thanks for your comment For more guidance WhAt S aPp 13053176501
"*Wâ€¢Hâ€¢Aâ€¢Tâ€¢Sâ€¢Aâ€¢Pâ€¢P*
*+â€¢1â€¢9â€¢1 â€¢7 â€¢8 â€¢7â€¢7 â€¢ 7â€¢ 9 â€¢0 â€¢3*",1,WHAT S APP 191 7 8 77 7 9 0 3
"Fâ€¢Oâ€¢Râ€¢â€¢ Mâ€¢Oâ€¢Râ€¢Eâ€¢â€¢
Gâ€¢Uâ€¢Iâ€¢Dâ€¢Aâ€¢Nâ€¢Câ€¢Eâ€¢â€¢
Wâ€¢Hâ€¢Aâ€¢Tâ€¢Sâ€¢Aâ€¢Pâ€¢Pâ€¢â€¢
**+**4**4*7**5**2**0**6**3**3**2**7**3+WWW",1,FOR MORE GUIDANCE WHAT S APP 447520633273 WWW
"+,,,,,1,,,<3,,,<1,,,<6,,,<2,,,<1,,,<9,,,<0,,,<9,,,<2,,,<8""""""""""""""""""""""""""""""""""""""""""""""""""""""""""""""""â€""""""""""""""""""""""""""""""""""""""""""""""""""how""""""""""""""""""""to""""""""""""""""""""make""""""""""""""up""""""""""""""""your""""""""""""""""""""""""""""""""""investment...",1,13162190928 how to makeup your investment
"@Zaho Rushi yeah
+1""5""1""6""3""6""0""3""3""7""8",1,Zah o Rush i yeah 15163603378
"+,,,,,1,,,<3,,,<1,,,<6,,,<2,,,<1,,,<9,,,<0,,,<9,,,<2,,,<8""""""""""""""""""""""""""""""""""""""""""""""""""""""""""""""""â€""""""""""""""""""""""""""""""""""""""""""""""""""how""""""""""""""""""""to""""""""""""""""""""make""""""""""""""up""""""""""""""""your""""""""""""""""""""""""""""""""""investment.....",1,13162190928 how to makeup your investment
"+,,,,,1,,,<3,,,<1,,,<6,,,<2,,,<1,,,<9,,,<0,,,<9,,,<2,,,<8""""""""""""""""""""""""""""""""""""""""""""""""""""""""""""""""â€""""""""""""""""""""""""""""""""""""""""""""""""""how""""""""""""""""""""to""""""""""""""""""""make""""""""""""""up""""""""""""""""your""""""""""""""""""""""""""""""""""investment",1,13162190928 how to makeup your investment
"+,,,,,1,,,<3,,,<1,,,<6,,,<2,,,<1,,,<9,,,<0,,,<9,,,<2,,,<8""""""""""""""""""""""""""""""""""""""""""""""""""""""""""""""""â€""""""""""""""""""""""""""""""""""""""""""""""""""how""""""""""""""""""""to""""""""""""""""""""make""""""""""""""up""""""""""""""""your""""""""""""""""""""""""""""""""""investment..",1,13162190928 how to makeup your investment
"THANKS FOR COMMENTS AND VIEWSâ€¢
Wâ€¢Hâ€¢Aâ€¢Tâ€¢Sâ€¢Aâ€¢Pâ€¢Pâ€¢
+(1)(4)(7)(9)(2)(5)(5)(5)(9)(8)(7)â€¢

FOR MORE DETAILSâ€¢",1,THANKS FOR COMMENTS AND VIEWS WHAT S APP 14792555987 FOR MORE DETAILS
"T.h.a.n.k.s f.o.r w.a.t.c.h.i.n.g
F..o.r m.o.r.e g.u.i.d.a.n.c.e
+1...-7...-1...-3....-3..-0..-9..-9..-1..-7..-0
Wâ€¢Aâ€¢Tâ€¢Sâ€¢Aâ€¢â€¢+Pâ€¢â€¢^^%%++",1,Thanks for watching For more guidance 17133099170 WAT SAP
I REALLY APPRECIATE YOUR SERVICES HACKERRAID ON TELEGRAM ğŸ’¯,1,I REALLY APPRECIATE YOUR SERVICES HACKER RAID ON TELEGRAM
"Thanks for comment and views , trust me I don't take them for granted . I've been able to secure a steady inflow of returns of investment . It's just amazing to find out and there is no regret was so ever
+   1    4    7   9    2    5    5    5    9    8    7",1,Thanks for comment and views trust me I dont take them for granted Ive been able to secure a steady in flow of returns of investment Its just amazing to find out and there is no regret was so ever 1 4 7 9 2 5 5 5 9 8 7
"@misskerry I worked with Alisan P Martin, She's been in the news when she revived Preemark company in 2019, met her at an annual fundraiser in  Boston. You can look her up on the web for info on her work",1,miss kerry I worked with Al is an P Martin She s been in the news when she revived Pre e mark company in 2019 met her at an annual fundraiser in Boston You can look her up on the web for info on her work
Great context.everyone needs more than there salary to be financially stable.the best thing to do with your money is to invest it rightly.because money left for saving always end up used with no returns.i started investing in Bitcion mid November 2020 with the help of a well-known professional kodyfxt on I.G  and the entire profit funded my duplexğŸ‡±ğŸ‡·,1,Great context everyone needs more than there salary to be financially stable the best thing to do with your money is to invest it rightly because money left for saving always end up used with no returns i started investing in Bit ci on mid November 2020 with the help of a well known professional kod y fx t on IG and the entire profit funded my duplex
@ThÄ—Richest Câ€¢Oâ€¢Nâ€¢Tâ€¢Aâ€¢Câ€¢T=â€¢â€¢â€¢â€¢â€¢â€¢â€¢â€¢â€¢â€¢â€¢â€¢â€¢â€¢+1â€¢8â€¢6â€¢4â€¢9â€¢1â€¢6â€¢2â€¢4â€¢2â€¢4â€¢â€¢~,1,Th Richest CONTACT 18649162424
"+,,,,,1,,,<3,,,<1,,,<6,,,<2,,,<1,,,<9,,,<0,,,<9,,,<2,,,<8""""""""""""""""""""""""""""""""""""""""""""""""""""""""""""""""â€""""""""""""""""""""""""""""""""""""""""""""""""""how""""""""""""""""""""to""""""""""""""""""""make""""""""""""""up""""""""""""""""your""""""""""""""""""""""""""""""""""investment.",1,13162190928 how to makeup your investment
"<>Fâ€¢oâ€¢r <> mâ€¢oâ€¢râ€¢e <> Ä«â€¢nâ€¢vâ€¢eâ€¢sâ€¢tâ€¢Ã®â€¢nâ€¢g <> iâ€¢nâ€¢fâ€¢o <>aâ€¢nâ€¢d <> gâ€¢uâ€¢iâ€¢dâ€¢aâ€¢nâ€¢câ€¢e<>
<> -+ 1â€¢3â€¢ 8 = 5â€¢3â€¢4 = 4â€¢2 â€¢6â€¢6â€¢9<>  <>WaT$ap<>.,",1,For more n vest ng info and guidance 13 8 534 42 669 Wa Tap
"C......O......N.....T......A.....C......T.....M.....E......O.......N 
W.....H.....A.....T....S.....A.....P......P
+=1=4=5=0=4=8=0=1=7=0=6ğŸ“Œ",1,CONTACT ME ON WHAT S APP 14504801706
"C....O....N....T....A....C....T...
M..E.....
O..N....
....W....H....A....T'....S....A....P....P....
+=1=4=5=0=4=8=0=1=7=0=6=..ğŸ‡ºğŸ‡¸",1,CONTACT ME ON WHAT S APP 14504801706
Fâ€¢Oâ€¢R Mâ€¢Oâ€¢Râ€¢E Gâ€¢Uâ€¢Iâ€¢Dâ€¢Aâ€¢Nâ€¢Câ€¢E Wâ€¢Hâ€¢Aâ€¢Hâ€¢Sâ€¢Aâ€¢Pâ€¢Pâ€¢â€¢+**1**2**0**8**9**0**71**4**7**5,1,FOR MORE GUIDANCE WHA HS APP 12089071475
"Thanks for watching my video 
for more guidance 
+ â€ª1Â  4 7 0 2  4  1  6  9 4  4â€¬
w*h*a*. ts*p*p*==+++====",1,Thanks for watching my video for more guidance 1 4 7 0 2 4 1 6 9 4 4 wha t spp
"Thanks for watching my video 
for more guidance 
+ â€ª1Â 4 7 0Â 2 4 1 6 9 4 4â€¬ ()((;(;
w*h*a*ts*p*p*+++++()))()(",1,Thanks for watching my video for more guidance 14 7 02 4 1 6 9 4 4 what spp
"Wâ€¢â€¢hâ€¢â€¢aâ€¢â€¢tâ€¢â€¢sâ€¢â€¢aâ€¢â€¢pâ€¢â€¢p""â€¢â€¢mâ€¢â€¢eâ€¢â€¢ fâ€¢â€¢oâ€¢â€¢r mâ€¢â€¢oâ€¢â€¢râ€¢â€¢e gâ€¢â€¢eâ€¢â€¢nâ€¢â€¢dâ€¢â€¢eâ€¢â€¢câ€¢â€¢eâ€¢â€¢{+1,9,1,9,3,0,7,2,1,5,7",1,What s app me for more gende ce 19193072157
"*âœ“âœ“âœ“+=1=2=1=3=4=4=4=4=8=1=0*
*Mâ€¢Eâ€¢Sâ€¢Sâ€¢Aâ€¢Gâ€¢Eâ€¢Mâ€¢Eâ€¢Oâ€¢N â€¢Wâ€¢Hâ€¢Aâ€¢Tâ€¢Sâ€¢Aâ€¢Pâ€¢P*",1,12134444810 MESSAGE ME ON WHAT S APP
"T.h.a.n.k.s f.o.r w.a.t.c.h.i.n.g
F..o.r m.o.r.e g.u.i.d.a.n.c.e
+1....-2...-1....-7....-3....1...-0...-2....-0....-4.....-7
Wâ€¢Hâ€¢Aâ€¢Tâ€¢Sâ€¢Aâ€¢Pâ€¢Pâ€¢â€¢â€¢+++",1,Thanks for watching For more guidance 12173102047 WHAT S APP
"Thanks for your feedback.....for more guidance and lessons 

+1....(2....1....3)....5....6....6....9....9....6....1....
W....h....a....t....s....a....p....p....o....n....l....y....ğŸ“Œâ€¢â€¢",1,Thanks for your feedback for more guidance and lessons 12135669961 What s app only
"Thanks for watchingâ€™,, endeavor to write as soon for more enlightening tips 
w;h,a,;t,s,a,p.
_+1.3â€¢1â€¢0â€¢6â€¢95:6236_ğŸš€ğŸ¦",1,Thanks for watching endeavor to write as soon for more enlightening tips what sap 13106956236
"Tha nks for wat, ching 
Wâ€¢H,Aâ€™Tâ€™S,A:P
Dâ€¢eâ€¢sâ€¢K nâ€¢o
(*+1..3,1..0....6....9...5...6....2...-3...6*
W/h-a)tâ€¢sa)p",1,Th a nk s for wat ching WHAT SAP DesK no 13106956236 What sap
"Â¶â€¢Tâ€¢hâ€¢aâ€¢nâ€¢kâ€¢s  fâ€¢oâ€¢r wâ€¢aâ€¢tâ€¢câ€¢hâ€¢iâ€¢nâ€¢g Tâ€¢oâ€¢dâ€¢aâ€¢yâ€¢s  vâ€¢iâ€¢dâ€¢eâ€¢o fâ€¢oâ€¢r  mâ€¢oâ€¢râ€¢e  iâ€¢nâ€¢fâ€¢o oâ€¢r  gâ€¢uâ€¢iâ€¢dâ€¢aâ€¢nâ€¢câ€¢e     Wâ€¢Hâ€¢Aâ€¢Tâ€¢Sâ€¢Aâ€¢Pâ€¢P
+,,,1,,,4,,,0,,,2,,,8,,,0,,,3,,,1,,,2,,,4,,,0,,,,",1,Thanks for watching Todays video for more info or guidance WHAT S APP 14028031240
"Thanks for your feedback.....for more guidance 
+1^9^1^7^3^1^0^0^7^3^3",1,Thanks for your feedback for more guidance 19173100733
Fâ€¢Oâ€¢Râ€¢~Hâ€¢Eâ€¢Lâ€¢P~Aâ€¢Nâ€¢Dâ€¢~Gâ€¢Uâ€¢Iâ€¢Dâ€¢Aâ€¢Nâ€¢Câ€¢Eâ€¢~Wâ€¢Hâ€¢Aâ€¢Tâ€¢Sâ€¢Aâ€¢Pâ€¢Pâ€¢~â€¢Câ€¢Oâ€¢Nâ€¢Tâ€¢Aâ€¢Câ€¢T=+â€¢1â€¢5â€¢7â€¢1â€¢4â€¢8â€¢7â€¢4â€¢0â€¢9â€¢1â€¢â€¢~,1,FOR HELP AND GUIDANCE WHAT S APP CONTACT 15714874091
"+=1=3=3=2=2=4=4=0=4=4=1
Mâ€¢Eâ€¢Sâ€¢Sâ€¢Aâ€¢Gâ€¢Eâ€¢Mâ€¢Eâ€¢Oâ€¢N â€¢Wâ€¢Hâ€¢Aâ€¢Tâ€¢Sâ€¢Aâ€¢Pâ€¢P",1,13322440441 MESSAGE ME ON WHAT S APP
"tâ€¢hâ€¢aâ€¢nâ€¢kâ€¢s fâ€¢oâ€¢r wâ€¢aâ€¢tâ€¢câ€¢hâ€¢iâ€¢nâ€¢gâ™¥ï¸ğŸ¤œ
wâ€¢hâ€¢aâ€¢tâ€¢sâ€¢aâ€¢pâ€¢pâ€™â€™{+1,2,1,7,3,1,0,2,0,4,7 }!!!!! â¤ï¸ğŸ¤œ",1,thanks for watching what s app 12173102047
"Thanks  for watching, For proper analysis and info   W.h..aâ€¦..tâ€¦.aâ€¦..pâ€¦.p

+ â€ª1Â   4  7  0Â  2  4  1  6  9 4  4â€¬",1,Thanks for watching For proper analysis and info What app 1 4 7 0 2 4 1 6 9 4 4
"Appreciate all feedbacks! And thanks for watching for more guidance...

Text now, I have other profitable opportunity for you. DON'T MISS IT !!!!

+â€¢1â€¢9â€¢1â€¢9â€¢7â€¢6â€¢4â€¢6â€¢4â€¢0â€¢3â€¢..",1,Appreciate all feedback s And thanks for watching for more guidance Text now I have other profitable opportunity for you DONT MISS IT 19197646403
"C...O...N...T...A...C...T... 
M..E..... 
O...N.... 
....W....H..A.. T.S.A...P ...P..
+=1=8=3=2=9=3=4=4=2=8=6=..ğŸ‡ºğŸ‡²âœï¸",1,CONTACT ME ON WHA T SAP P 18329344286
"Thanks for watching my video 
for more guidance 
+ â€ª1Â  4 7 0 2  4  1  6  9 4  4â€¬
w*h*a*. ts*p*p*==+++==",1,Thanks for watching my video for more guidance 1 4 7 0 2 4 1 6 9 4 4 wha t spp
"T.h.a.n.k.s f.o.r w.a.t.c.h.i.n.g
+1....-2...-1....-7....-3....1...-0...-2....-0....-4.....-7
ğŸ…¦ğŸ…—ğŸ…ğŸ…£ğŸ…¢ğŸ…ğŸ…ŸğŸ…Ÿ",1,Thanks for watching 12173102047
"Thanks for watching my video 
for more guidance 
+ â€ª1Â  4 7 0 2  4  1  6  9 4  4â€¬
w*h*a*. ts*p*p*==+++===",1,Thanks for watching my video for more guidance 1 4 7 0 2 4 1 6 9 4 4 wha t spp
"Thanks for watching,For more info and guidance 
W..h....a.....t.....s.....a.....p....p
+....1....4.....5.....0....4....8.....0.....1....7.....0.....6",1,Thanks for watching For more info and guidance What s app 14504801706
"Thanks for your feedback.....for more guidance and lessons 

+1....(9....1....7)....3....1....0....0....7....3....3....
W....h....a....t....s....a....p....p....o....n....l....y....ğŸ“Œ",1,Thanks for your feedback for more guidance and lessons 19173100733 What s app only
"T.h.a.n.k.s f.o.r w.a.t.c.h.i.n.g
F..o.r m.o.r.e g.u.i.d.a.n.c.e
+1....-2...-1....-3....-5....6...-6...-9....-9....-6.....-1
Wâ€¢Aâ€¢Tâ€¢Sâ€¢Aâ€¢P",1,Thanks for watching For more guidance 12135669961 WAT SAP
"Wâ€¢Hâ€¢Aâ€¢Tâ€¢Sâ€¢Aâ€¢Pâ€¢P+
*+â€¢1â€¢3â€¢1â€¢0â€¢6â€¢9â€¢5â€¢6â€¢2â€¢3â€¢6*
Iâ€¢nâ€¢vâ€¢eâ€¢sâ€¢tâ€¢<>in<>Câ€¢râ€¢yâ€¢pâ€¢tâ€¢o
Bâ€¢Tâ€¢C<>Aâ€¢Nâ€¢D<>Eâ€¢Hâ€¢Eâ€¢!!..",1,WHAT S APP 13106956236 Invest in Crypto BT CAN DE HE
"tâ€¢hâ€¢aâ€¢nâ€¢kâ€¢s fâ€¢oâ€¢r wâ€¢aâ€¢tâ€¢câ€¢hâ€¢iâ€¢nâ€¢gâ™¥ï¸ğŸ¤œ 
wâ€¢hâ€¢aâ€¢tâ€¢sâ€¢aâ€¢pâ€¢p â€¢â€¢meâ€¢â€™â€™
{1,2,1,7,3,1,0,2,0,4,7}..!!!!!",1,thanks for watching what s app me 12173102047
"Thanks for watching,For proper analysis and info 
W..h....a.....t.....s..a.....p....p

+    1   2    2     5    4   7      0      6   1   6   5",1,Thanks for watching For proper analysis and info What s app 1 2 2 5 4 7 0 6 1 6 5
Fâ€¢Oâ€¢R Mâ€¢Oâ€¢Râ€¢E Gâ€¢Uâ€¢Iâ€¢Dâ€¢Aâ€¢Nâ€¢Câ€¢E Wâ€¢Hâ€¢Aâ€¢Hâ€¢Sâ€¢Aâ€¢Pâ€¢Pâ€¢â€¢+**1**2**0**8**9**0**71**4**7**5â€¢â€¢â€¢â€¢,1,FOR MORE GUIDANCE WHA HS APP 12089071475
"*Thanks for watchingğŸ‘~~~for more information.*
Wâ€¢Hâ€¢Aâ€¢Tâ€¢Sâ€¢Aâ€¢P~~~<Mâ€¢E>
*|+1â€¢7â€¢2â€¢0â€¢5â€¢0â€¢7â€¢3â€¢7â€¢1â€¢8â€¢|*",1,Thanks for watching for more information WHAT SAP ME 17205073718
"[W]-[H]-[A]-[T]-[S]-[A]-[P]-[P]-DIRECTLYâ€¢*
(+1)-(2)-(1)-(3)-(5)-(6)-(6)-(9)-(9)-(6)-(1)â€¢",1,WHAT S APP DIRECTLY 12135669961
"Thanks for your feedback.....for more guidance and lessons 

+1....(2....1....3)....5....6....6....9....9....6....1....
W....h....a....t....s....a....p....p....o....n....l....y....ğŸ“Œ",1,Thanks for your feedback for more guidance and lessons 12135669961 What s app only
"T.h.a.n.k.s f.o.r w.a.t.c.h.i.n.g
F..o.r m.o.r.e g.u.i.d.a.n.c.e
+1....-2...-1....-3....-5....6...-6...-9....-9....-6.....-1
Wâ€¢Aâ€¢Tâ€¢Sâ€¢Aâ€¢Pâ€¢P",1,Thanks for watching For more guidance 12135669961 WAT S APP
"*âœ“âœ“âœ“âœ“âœ“+=1=2=1=3=4=4=4=4=8=1=0*
*Mâ€¢Eâ€¢Sâ€¢Sâ€¢Aâ€¢Gâ€¢Eâ€¢Mâ€¢Eâ€¢Oâ€¢N â€¢Wâ€¢Hâ€¢Aâ€¢Tâ€¢Sâ€¢Aâ€¢Pâ€¢P>>>><<<<<<<*",1,12134444810 MESSAGE ME ON WHAT S APP
"[W]-[H]-[A]-[T]-[S]-[A]-[P]-[P]â€”DIRECTLYâ€¢â€¢
(+1)-(3)-(2)-(3)-(5)-(2)-(2)-(2)-(4)-(8)-(9)",1,WHAT S APP DIRECTLY 13235222489
"*+=1=2=1=3=4=4=4=4=8=1=0*
Mâ€¢Eâ€¢Sâ€¢Sâ€¢Aâ€¢Gâ€¢Eâ€¢Mâ€¢Eâ€¢Oâ€¢N â€¢Wâ€¢Hâ€¢Aâ€¢Tâ€¢Sâ€¢Aâ€¢Pâ€¢P",1,12134444810 MESSAGE ME ON WHAT S APP
"+=â€œ1=3=â€œ3=â€œ2=â€œ2=â€œ4=â€œ4=â€œ0=4=â€œ4=â€œ1
Mâ€¢Eâ€¢Sâ€¢Sâ€¢Aâ€¢Gâ€¢Eâ€¢Mâ€¢Eâ€¢Oâ€¢N â€¢Wâ€¢Hâ€¢Aâ€¢Tâ€¢Sâ€¢Aâ€¢Pâ€¢P",1,13322440441 MESSAGE ME ON WHAT S APP
"Thanks for watchingâ€™,, endeavor to write as soon for more enlightening tips 
w;h,a,;t,s,a,p.
_+1.3â€¢1â€¢0â€¢6â€¢95:6236_",1,Thanks for watching endeavor to write as soon for more enlightening tips what sap 13106956236
"Thanks for watching my video 
for more guidance 
+ â€ª1Â 4 7 0Â 2 4 1 6 9 4 4â€¬ ()((;(;
w*h*a*ts*p*p*+++++()))()(
â€¦.",1,Thanks for watching my video for more guidance 14 7 02 4 1 6 9 4 4 what spp
"Thanks for the comment
W>>h>>a>>t>>s>>A>>p>>p
*+<â€¢>1<â€¢>3<â€¢>1<â€¢>0<â€¢>6<â€¢>9<â€¢>5<â€¢>6<â€¢>2<â€¢>3<â€¢>6
**for more insight
Dgh",1,Thanks for the comment What s App 13106956236 for more insight D gh
"I appreciate. For more assistance 
~W~H~A~T~S~A~P
~â€¢1~â€¢2~â€¢1~â€¢3~â€¢â€¢4~â€¢0~â€¢1~â€¢4~â€¢5~â€¢3~â€¢8",1,I appreciate For more assistance WHAT SAP 12134014538
"<>Fâ€¢oâ€¢r <> mâ€¢oâ€¢râ€¢e <> Ä«â€¢nâ€¢vâ€¢eâ€¢sâ€¢tâ€¢Ã®â€¢nâ€¢g <> iâ€¢nâ€¢fâ€¢o <>aâ€¢nâ€¢d <> gâ€¢uâ€¢iâ€¢dâ€¢aâ€¢nâ€¢câ€¢e<>
<> -+ 1â€¢3â€¢ 8 = 5â€¢3â€¢4 = 4â€¢2 â€¢6â€¢6â€¢9<>  <>WaT$ap<>",1,For more n vest ng info and guidance 13 8 534 42 669 Wa Tap
"Thanks for your feedback.....for more guidance 
*+1....-3...-1....-0....-6....-9...-5...-6....-2....-3.....-6*@@",1,Thanks for your feedback for more guidance 13106956236
"T.h.a.n.k.s f.o.r w.a.t.c.h.i.n.g
F..o.r m.o.r.e g.u.i.d.a.n.c.e
+1....-2...-1....-7....-3....1...-0...-2....-0....-4.....-7
Wâ€¢Hâ€¢Aâ€¢Tâ€¢Sâ€¢Aâ€¢Pâ€¢Pâ€¢â€¢â€¢+++.",1,Thanks for watching For more guidance 12173102047 WHAT S APP
"Â¶â€¢Tâ€¢hâ€¢aâ€¢nâ€¢kâ€¢s  fâ€¢oâ€¢r wâ€¢aâ€¢tâ€¢câ€¢hâ€¢iâ€¢nâ€¢g Tâ€¢oâ€¢dâ€¢aâ€¢yâ€¢s  vâ€¢iâ€¢dâ€¢eâ€¢o fâ€¢oâ€¢r  mâ€¢oâ€¢râ€¢e  iâ€¢nâ€¢fâ€¢o oâ€¢r  gâ€¢uâ€¢iâ€¢dâ€¢aâ€¢nâ€¢câ€¢e     Wâ€¢Hâ€¢Aâ€¢Tâ€¢Sâ€¢Aâ€¢Pâ€¢P
+,,,1,,,4,,,0,,,2,,,8,,,0,,,3,,,1,,,2,,,4,,,0,,,",1,Thanks for watching Todays video for more info or guidance WHAT S APP 14028031240
"T.h.a.n.k.s f.o.r w.a.t.c.h.i.n.g
F..o.r m.o.r.e
+1....-2...-1....-7....-3....1...-0...-2....-0....-4.....-7",1,Thanks for watching For more 12173102047
"Thanks for your feedback.....for more guidance 
*+1....-3...-1....-0....-6....-9...-5...-6....-2....-3.....-6*",1,Thanks for your feedback for more guidance 13106956236
"â€¢Tâ€¢Hâ€¢Aâ€¢Nâ€¢Kâ€¢Sâ€¢
=+â€¢1â€¢5â€¢7â€¢1â€¢4â€¢8â€¢7â€¢4â€¢0â€¢9â€¢1â€¢â€¢>>
~Wâ€¢Hâ€¢Aâ€¢Tâ€¢Sâ€¢Aâ€¢Pâ€¢Pâ€¢~â€¢Câ€¢Oâ€¢Nâ€¢Tâ€¢Aâ€¢Câ€¢Tâ€¢~
Fâ€¢Oâ€¢Râ€¢~Hâ€¢Eâ€¢Lâ€¢Pâ€¢~Aâ€¢Nâ€¢Dâ€¢~Mâ€¢Oâ€¢Râ€¢Eâ€¢~Pâ€¢Râ€¢Oâ€¢Fâ€¢Iâ€¢Tâ€¢S~",1,THANKS 15714874091 WHAT S APP CONTACT FOR HELP AND MORE PROFITS
"C...O...N...T...A...C...T... 
M...E.....
O...N.... 
....W....H..A.. T.S.A...P ...P..
+=1=8=3=2=9=3=4=4=2=8=6=..ğŸ‡ºğŸ‡²âœï¸",1,CONTACT ME ON WHA T SAP P 18329344286
"For advanced details
W/H/A/T/S/A/P
:+,1...3,,,,2...3..5,,2....2...2..4..8,,,,9",1,For advanced details WHAT SAP 13235222489
"+=1=3=3=2=2=4=4=0=4=4=1
Mâ€¢Eâ€¢Sâ€¢Sâ€¢Aâ€¢Gâ€¢Eâ€¢Mâ€¢Eâ€¢Oâ€¢N â€¢Wâ€¢Hâ€¢Aâ€¢Tâ€¢Sâ€¢Aâ€¢Pâ€¢P......",1,13322440441 MESSAGE ME ON WHAT S APP
"Thanks  for watching, For proper analysis and info   W.h..aâ€¦..tâ€¦.aâ€¦..pâ€¦.p

+ â€ª1Â   4  7  0Â  2  4  1  6  9 4  4â€¬
:((:):):):);):;):):);",1,Thanks for watching For proper analysis and info What app 1 4 7 0 2 4 1 6 9 4 4
"Thanks for watching my video 
for more guidance 
+ â€ª1Â  4 7 0 2  4  1  6  9 4  4â€¬
w*h*a*. ts*p*p*==+++===;(",1,Thanks for watching my video for more guidance 1 4 7 0 2 4 1 6 9 4 4 wha t spp
Lâ€¢Eâ€¢Aâ€¢Vâ€¢E ~A ~Mâ€¢Eâ€¢Sâ€¢Sâ€¢Aâ€¢Gâ€¢E ~Oâ€¢N ~Wâ€¢Hâ€¢Aâ€¢Tâ€¢Sâ€¢Aâ€¢Pâ€¢P ~Fâ€¢Oâ€¢R ~Mâ€¢Oâ€¢Râ€¢E  +>1<>7<>0<>2<>9<>0<>0<>1<>4<>3< >0<>.,1,LEAVE A MESSAGE ON WHAT S APP FOR MORE 1702900143 0
"Wâ€¢hâ€¢aâ€¢tâ€¢sâ€¢Aâ€¢pâ€¢pâ€¢ mâ€¢e
+â€¢1â€¢ 3â€¢ 2â€¢ 3 â€¢ 9â€¢ 9â€¢ 1â€¢ 2â€¢ 5â€¢ 4â€¢ 2
Fâ€¢oâ€¢r ***hâ€¢uâ€¢gâ€¢e ***pâ€¢râ€¢oâ€¢fâ€¢iâ€¢tâ€¢",1,What s App me 1 3 2 3 9 9 1 2 5 4 2 For huge profit
"F/O/R /G/U/I/D/A/N/C/E
W*H*A*T*S*A*P*P*M*E
+/1/4/7/0/7/4/5/6/9/8/0.",1,FOR GUIDANCE WHAT S APP ME 14707456980
"F/O/R /G/U/I/D/A/N/C/E
W*H*A*T*S*A*P*P*M*E
+/1/4/7/0/7/4/5/6/9/8/0",1,FOR GUIDANCE WHAT S APP ME 14707456980
"â€¢*Â«TÂ»hÂ»aÂ»nÂ»kÂ»sÂ» 
Â«fÂ»oÂ»r Â»yÂ»oÂ»uÂ»rÂ» 
Â«cÂ»oÂ»mÂ»mÂ»eÂ»nÂ»tÂ« 
Â«FÂ»oÂ»r Â»tÂ»uÂ»tÂ»oÂ»rÂ»iÂ»aÂ»lÂ»sÂ»
Â«oÂ»n Â»IÂ»nÂ»vÂ»eÂ»sÂ»tÂ»mÂ»eÂ»nÂ»tÂ»
+Â«1Â»Â«8Â»5Â»8Â»Â«4Â»0Â»1Â»Â«6Â»5Â»4Â»7â€¬Â»/@Wa:.",1,Thanks for your comment For tutorials on Investment 18584016547 Wa
"Sâ€¢eâ€¢dâ€¢â€¢tâ€¢eâ€¢xâ€¢tâ€¢â€¢â€¢fâ€¢oâ€¢râ€¢â€¢â€¢â€¢ tâ€¢râ€¢aâ€¢dâ€¢eâ€¢â€¢â€¢tâ€¢iâ€¢pâ€¢sâ€¢â€¢aâ€¢nâ€¢dâ€¢â€¢â€¢pâ€¢eâ€¢râ€¢sâ€¢oâ€¢nâ€¢aâ€¢lâ€¢â€¢tâ€¢uâ€¢tâ€¢oâ€¢râ€¢iâ€¢aâ€¢nâ€¢lâ€¢â€¢
Wâ€¢hâ€¢atâ€¢sâ€¢Aâ€¢pâ€¢pâ€¢â€¢â€¢â€¢Mâ€¢eâ€¢â€¢ 
+1Â =3=1=5=9=1=6=6=2=8=7â€¬â€¢",1,Sed text for trade tips and personal tutor ian l What s App Me 13159166287
"Wâ€¢Hâ€¢Aâ€¢Tâ€¢Sâ€¢Aâ€¢Pâ€¢P+
+â€¢1â€¢3â€¢1â€¢0â€¢6â€¢9â€¢5â€¢6â€¢2â€¢3â€¢6
Iâ€¢nâ€¢vâ€¢eâ€¢sâ€¢tâ€¢<>in<>Câ€¢râ€¢yâ€¢pâ€¢tâ€¢o
Bâ€¢Tâ€¢C<>Aâ€¢Nâ€¢D<>Eâ€¢Hâ€¢Eâ€¢!!..",1,WHAT S APP 13106956236 Invest in Crypto BT CAN DE HE
"C....O...N....T....A....C....T 
M...E... 
O...N... 
W....H..A....T.S.A...P...P...
â€ª+1Â =3=1=5=9=1=6=6=2=8=7â€¬â€¢",1,CONTACT ME ON WHAT S APP 13159166287
"W,â€H,â€A,â€T,â€S,â€A,â€P,â€P,â€
+,,,1,,,7,,,6,,,0,,,4,,,7,,,4,,,5,,,7,,,4,,,7",1,WHAT S APP 17604745747
"â€¢*Â«TÂ»hÂ»aÂ»nÂ»kÂ»sÂ» 
Â«fÂ»oÂ»r Â»yÂ»oÂ»uÂ»rÂ» 
Â«cÂ»oÂ»mÂ»mÂ»eÂ»nÂ»tÂ« 
Â«FÂ»oÂ»r Â»tÂ»uÂ»tÂ»oÂ»rÂ»iÂ»aÂ»lÂ»sÂ»
Â«oÂ»n Â»IÂ»nÂ»vÂ»eÂ»sÂ»tÂ»mÂ»eÂ»nÂ»tÂ»
+Â«1Â»Â«8Â»5Â»8Â»Â«4Â»0Â»1Â»Â«6Â»5Â»4Â»7â€¬Â»/@Wa",1,Thanks for your comment For tutorials on Investment 18584016547 Wa
"*+<>1<>8<>4<>7<>7<>5<>6<>8<>7<>8<>3.>* 

 *W<>* H<> A<> T<> S<> A<> P<> pâ€¢â€¢",1,18477568783 W H A T S A P p
"â€¢*Â«TÂ»hÂ»aÂ»nÂ»kÂ»sÂ» 
Â«fÂ»oÂ»r Â»yÂ»oÂ»uÂ»rÂ» 
Â«cÂ»oÂ»mÂ»mÂ»eÂ»nÂ»tÂ« 
Â«FÂ»oÂ»r Â»tÂ»uÂ»tÂ»oÂ»rÂ»iÂ»aÂ»lÂ»sÂ»
Â«oÂ»n Â»IÂ»nÂ»vÂ»eÂ»sÂ»tÂ»mÂ»eÂ»nÂ»tÂ»
+Â«1Â»Â«8Â»5Â»8Â»Â«4Â»0Â»1Â»Â«6Â»5Â»4Â»7â€¬Â»/@Wa:",1,Thanks for your comment For tutorials on Investment 18584016547 Wa
"Fâ€¢Oâ€¢R  Mâ€¢Oâ€¢Râ€¢E  Gâ€¢Uâ€¢Iâ€¢Dâ€¢Aâ€¢Nâ€¢Câ€¢E  Oâ€¢N  Pâ€¢Râ€¢Oâ€¢Fâ€¢Iâ€¢T  Mâ€¢Aâ€¢Kâ€¢Iâ€¢Nâ€¢G  Aâ€¢Nâ€¢D  Tâ€¢O  Iâ€¢Nâ€¢Vâ€¢Eâ€¢Sâ€¢T  Râ€¢Eâ€¢Aâ€¢Câ€¢H  Mâ€¢E @Wâ€¢Hâ€¢Aâ€¢Tâ€¢Sâ€¢Aâ€¢Pâ€¢PğŸ’¬
<<+1â€¢â€¢2 â€¢1â€¢ 4 â€¢8â€¢ 5â€¢ 6â€¢2â€¢ 3â€¢ 9â€¢ 9.",1,FOR MORE GUIDANCE ON PROFIT MAKING AND TO INVEST REACH ME WHAT S APP 12 1 4 8 5 62 3 9 9
"â€¢*Â«TÂ»hÂ»aÂ»nÂ»kÂ»sÂ» 
Â«fÂ»oÂ»r Â»yÂ»oÂ»uÂ»rÂ» 
Â«cÂ»oÂ»mÂ»mÂ»eÂ»nÂ»tÂ« 
Â«FÂ»oÂ»r Â»tÂ»uÂ»tÂ»oÂ»rÂ»iÂ»aÂ»lÂ»sÂ»
Â«oÂ»n Â»IÂ»nÂ»vÂ»eÂ»sÂ»tÂ»mÂ»eÂ»nÂ»tÂ»
+Â«1Â»Â«8Â»5Â»8Â»Â«4Â»0Â»1Â»Â«6Â»5Â»4Â»7â€¬Â»/@Wa:..",1,Thanks for your comment For tutorials on Investment 18584016547 Wa
"C....O....N.... T....A....C....T
M... E.....
O...N...
....W....H....A.... T....S....A....P....P
+1=2=1=3=4=0=1=4=5=3=8>>@@@@",1,CON TACT M EON WHA TS APP 12134014538
"*+<>1<>8<>4<>7<>7<>5<>6<>8<>7<>8<>3.>* 

 *W<>* H<> A<> T<> S<> A<> P<> pâ€¢.",1,18477568783 W H A T S A P p
"Râ€™e^sâ€™pâ€..o.n...e
.+1..â€3â€..1â€..0â€..6â€..9â€..5..â€6â€..2â€..3..â€6
W..â€¢..Hâ€¢..A..â€¢..Tâ€¢..Sâ€¢..A..â€¢Pâ€¢",1,Resp one 13106956236 WHAT SAP
"The comfortable ghost disturbingly drip because carbon contextually blot around a parallel lock. glib, grateful gratis power",0,The comfortable ghost disturbingly drip because carbon con textually blot around a parallel lock glib grateful gratis power
"How many have looked up ""Dataroma"" ? ... :)",0,How many have looked up Data roma
Yeah,0,Yeah
Just made my saturday,0,Just made my saturday
I demand a crackdown on Pokahonkass,0,I demand a crackdown on Pok a honk as s
We need younger politicians,0,We need younger politicians
Good point,0,Good point
"Isnâ€™t that information become worthless because that info is outdated? If the CEO already bought, you are buying at the high, when CEO sold, itâ€™s already dipped. Stop misleading your subscribers.",0,Isnt that information become worthless because that info is outdated If the CEO already bought you are buying at the high when CEO sold its already dipped Stop misleading your subscribers
@The Iced Coffee Hour Jack is ready to move in. ha ha ğŸ˜ğŸ˜,0,The Iced Coffee Hour Jack is ready to move in ha ha
not sure!,0,not sure
@Michael Kovacs A lot of assets (though not all) - have a function of some sort; There is a market that will utilise the asset that underpins the speculative trade in said asset.,0,Michael Kovacs A lot of assets though not all have a function of some sort There is a market that will utilise the asset that underpins the speculative trade in said asset
I love biden.....,0,I love biden
She just wants the proce driven down so she can buy in.,0,She just wants the pro ce driven down so she can buy in
"Hey everyone, donâ€™t think about a purple elephant with green polka dots.",0,Hey everyone dont think about a purple elephant with green polka dots
Itâ€™s not a â€œoptions glitchâ€ itâ€™s called implied volatility,0,Its not a options glitch its called implied volatility
Tech Leads Million Token 15m Market cap is about to take off if you missed other boats,0,Tech Leads Million Token 15 m Market cap is about to take off if you missed other boats
dtyhgetihg,0,d ty h get i hg
Thatâ€™s just how the schedules work,0,That s just how the schedules work
first I love you,0,first I love you
He said it sarcastically,0,He said it sarcastically
"Itâ€™s not about protecting investors, itâ€™s about their fear of losing control of the monetary monopoly and control governments have!",0,Its not about protecting investors its about their fear of losing control of the monetary monopoly and control governments have
@Nikolaj Willadsen 100%,0,Nikola j Will ad sen 100
yeah you will educate politicians with bribes,0,yeah you will educate politicians with bribes
"@Andrew Oborny Those are great points!! I'm surprised NFM is always running out, I guess it's bc their efficiently priced items are hard to beat huh? I would do the same of buying online and picking up things.",0,Andrew O born y Those are great points Im surprised N FM is always running out I guess its bc their efficiently priced items are hard to beat huh I would do the same of buying online and picking up things
lets see!,0,lets see
Hodl and get the revuminers and you will thank yourself,0,Hod l and get the rev u miners and you will thank yourself
@Graham Stephan Thank goodness! ğŸ˜ğŸ˜,0,Graham Stephan Thank goodness
Lmao shark tank pitch,0,L mao shark tank pitch
Thanks!,0,Thanks
Thank you for always being brutal honest!,0,Thank you for always being brutal honest
Problem is you have to pay them back in the currency you borrowed in.,0,Problem is you have to pay them back in the currency you borrowed in
You had me at moon bar jacuzzi,0,You had me at moon bar jac uz zi
Your almost at 1 millie,0,Your almost at 1 millie
Its always interesting to see how inflation works in many odd ways. Found this channel a week ago or so and every video has been informative and phenominal. Keep up the great work Nate!,0,Its always interesting to see how inflation works in many odd ways Found this channel a week ago or so and every video has been informative and phe nominal Keep up the great work Nate
See you at the moon jacuzzi bar ğŸ‘‹,0,See you at the moon jac uz zi bar
That a good idea,0,That a good idea
Hodl and get revuminer and you will thank yourself,0,Hod l and get rev u miner and you will thank yourself
In Teachlead we trust!!,0,In Teach lead we trust
"I would have bought since day one  , Gas fees and exchanger fees are too much for me as a beginner. Any help please.",0,I would have bought since day one Gas fees and exchanger fees are too much for me as a beginner Any help please
Yo momma,0,Yo momma
third,0,third
Anyone else surprised itâ€™s more commiefornia politicians trying to screw the American people?,0,Anyone else surprised its more com mie for nia politicians trying to screw the American people
I like your shirt. Your smart and handsome. If I was 50 years younger I would work with what you say.ğŸ‘,0,I like your shirt Your smart and handsome If I was 50 years younger I would work with what you say
Love your shirt!  Kimchi power!,0,Love your shirt Kimchi power
"Don't care , don't have crypto and my family doesn't buy or need it",0,Dont care dont have crypto and my family doesnt buy or need it
Next episode : Biah-ind Bars,0,Next episode Bia hind Bars
"Instead of buying an overpriced house, how about buying land (or renting a spot in someoneâ€™s backyard) and putting an accessory dwelling unit on it (similar to what Elon Musk is doing!) and living in that for a very cheap monthly payment!",0,Instead of buying an overpriced house how about buying land or renting a spot in someones backyard and putting an accessory dwelling unit on it similar to what El on Musk is doing and living in that for a very cheap monthly payment
"Graham is saying that home sales are slowing because there is not enough inventory and home prices are rising fast but the slowdown in sales will soon â€œbottomâ€ because more inventory is coming to the market, etc.   itâ€™s clickbait implying that home prices are going to bottom!!  ğŸ™.  I was also misled by the clickbait!!  Lol ğŸ˜‚",0,Graham is saying that home sales are slowing because there is not enough inventory and home prices are rising fast but the slowdown in sales will soon bottom because more inventory is coming to the market etc its click bait implying that home prices are going to bottom I was also misled by the click bait Lol
"Million Token, to the moon with the TechLead tycoon, buy some before they're all sold out!!  ğŸ˜ŠğŸ¼ğŸ¸ğŸ‘",0,Million Token to the moon with the Tech Lead tycoon buy some before they re all sold out
"The problem is:  "" how much is one bitcoin worth"" ... the answer is : X amount of dollars...so you see how the dollar is the standard by which ALL THINGS are measured (or compared to). - the end.",0,The problem is how much is one bitcoin worth the answer is X amount of dollars so you see how the dollar is the standard by which ALL THINGS are measured or compared to the end
"The only time Iâ€™ve ever heard anyone on YT accurately describe petro-dollars.  Although there are still a lot more nuances to it and historical perspective, e.g. energy crisis of the 1970â€™s and our attempt to further isolate the Soviet Union and make it harder for them to sell their oil.  I encourage people to read more about it because itâ€™s quite an interesting topic.",0,The only time Ive ever heard anyone on Y T accurately describe petro dollars Although there are still a lot more nuances to it and historical perspective eg energy crisis of the 1970 s and our attempt to further isolate the Soviet Union and make it harder for them to sell their oil I encourage people to read more about it because its quite an interesting topic
About to sleep ğŸ˜´ but now Gooood morning,0,About to sleep but now Goo ood morning
No way to make a Friday better than Nate uploading a new vid.,0,No way to make a Friday better than Nate uploading a new vid
Wow two in one night! You guys are on fire today!,0,Wow two in one night You guys are on fire today
"**""Trading seems a bit too clouded to me with all these figures going around plus my busy schedule, an hour in a day was just all I needed, now my equity earns for me even more than the time I dedicate it at work. Elizabeth cuts it for me.*",0,Trading seems a bit too clouded to me with all these figures going around plus my busy schedule an hour in a day was just all I needed now my equity earns for me even more than the time I dedicate it at work Elizabeth cuts it for me
Liked for the yugioh,0,Liked for the yugi oh
clearly a dj khaled fan,0,clearly a dj khaled fan
"im sure im not thinking about this the right way, so i am about equal parts curious and skeptical... but if THAT much of bitcoins volume (90-95% apparently on some days) was artifical on a regular basis, is it really done in such a meticulous manor  that theres no red flags popping up during professional on chain analyists and or no tangible evidence or record on the immutible public ledger containing every single movement btc ever made.  and if it is able to slip by , how on earth is that possible",0,im sure im not thinking about this the right way so i am about equal parts curious and skeptical but if THAT much of bitcoins volume 9095 apparently on some days was artifical on a regular basis is it really done in such a meticulous manor that there s no red flags popping up during professional on chain an aly is ts and or no tangible evidence or record on the im muti ble public ledger containing every single movement btc ever made and if it is able to slip by how on earth is that possible
"She is not trying to protect users interest , she is just sabotaging , trying to get her interest in it .",0,She is not trying to protect users interest she is just sabotaging trying to get her interest in it
"Techlead will never recieve a passionate act of affection in his life from someone who loves him for being him----his entire online presence is an excercise in trying to exorcise this horrifying reality from his psyche. Imaghine being and looking this loveless as human being, craving endless validation and witlessly bragging about money with the personality of a cardboard box. He makes Sisyphus look like was pushing a beach ball up ant-hill. What an existential slog!",0,Tech lead will never recieve a passionate act of affection in his life from someone who loves him for being him his entire online presence is an ex cerci se in trying to exorcise this horrifying reality from his psyche I magh in e being and looking this loveless as human being craving endless validation and witlessly bragging about money with the personality of a cardboard box He makes S is y ph us look like was pushing a beach ball up anthill What an existential slog
"wtf is with every little kid having this haircut now, Its so deuchy looking",0,wtf is with every little kid having this haircut now Its so de uch y looking
burn more of her yachts,0,burn more of her yachts
@DRUMofTRUTH its greed.,0,DRUM of TRUTH its greed
Biaheza!!!! You're a genius!!! Much love â¤â¤ God bless you ğŸ™ğŸ»ğŸ™ğŸ»,0,Bia he za You re a genius Much love God bless you
Paradise Express for sure he probably got filled terribly! Robinhood unfortunately cannot control which bid price you buy at,0,Paradise Express for sure he probably got filled terribly Robin hood unfortunately cannot control which bid price you buy at
"Yes, and you can be like me someday tooâ˜‘ï¸â˜‘ï¸ğŸ‘ğŸ»",0,Yes and you can be like me someday too
We need a 2021 update on your portfolio,0,We need a 2021 update on your portfolio
"Juicy, juicy episode. Thanks!",0,Juicy juicy episode Thanks
Politicians are not smart. They are parasites,0,Politicians are not smart They are parasites
Seems like the rest of TechLead video will be about pumping his own coin so I'm out.,0,Seems like the rest of Tech Lead video will be about pumping his own coin so Im out
Graham is the man! ğŸ˜ŠğŸ˜,0,Graham is the man
You forgot to mention that you will also profit from inflation by making a video on it and getting lots of views!!  ğŸ˜‚ğŸ˜‚ğŸ˜‚,0,You forgot to mention that you will also profit from inflation by making a video on it and getting lots of views
@Woahh 1 that's true,0,Wo ahh 1 that s true
first,0,first
"Addition to your article about Elizabeth Warren. She gets campaign donations from major Banks.
Her job is to bring negative story about Bitcoin. She can't stop Bitcoin, because it is a innovation to create better opportunities for everybody in the world.",0,Addition to your article about Elizabeth Warren She gets campaign donations from major Banks Her job is to bring negative story about Bitcoin She cant stop Bitcoin because it is a innovation to create better opportunities for everybody in the world
Understand this The same people we watch and try to outdo are the same people who created everything we are involved in. You're welcome,0,Understand this The same people we watch and try to outdo are the same people who created everything we are involved in You re welcome
"The most stable/secure things to invest in
Best ways to advertise
And stocks to receive money I assume you'd sell them when the price for them is high? 
Best sites to go threw for all of these things
Pls and thankyou",0,The most stable secure things to invest in Best ways to advertise And stocks to receive money I assume you d sell them when the price for them is high Best sites to go threw for all of these things Pl s and thankyou
Same here,0,Same here
100x noice!,0,100 x no ice
You're mostly bullshitting about MM but anyway it's still a success.,0,You re mostly bullshitting about MM but anyway its still a success
Awesome concept bri,0,Awesome concept bri
hey!,0,hey
"I just need a little land, a tiny home, and a dog. thanks for the informative videos - i hope you have a great weekend!",0,I just need a little land a tiny home and a dog thanks for the informative videos i hope you have a great weekend
still early!,0,still early
Beat you again,0,Beat you again
"@John John's Knee 

He warned them ğŸ¤£",0,John Johns Knee He warned them
"Graham, would you be able to talk about how there's a high contrast between a city like NYC and anywhere in Florida for example, when it comes to this information such as shared on this video.  I appreciate your channel man,  thank you",0,Graham would you be able to talk about how there s a high contrast between a city like NYC and anywhere in Florida for example when it comes to this information such as shared on this video I appreciate your channel man thank you
I hope Andrei will not be Epsteined. Great video!,0,I hope Andrei will not be Epstein ed Great video
I see why pot of greed is banned now.,0,I see why pot of greed is banned now
What's up Stefamily? The Stefamily rules!!!! ğŸ˜ğŸ˜ğŸ˜ğŸ˜ğŸ’•ğŸ’•ğŸ’•ğŸ’•ğŸ’•ğŸ’•ğŸ’•,0,What s up Ste family The Ste family rules
I went to school with that meme guy,0,I went to school with that meme guy
This does not look like it was filmed in the back of a truck,0,This does not look like it was filmed in the back of a truck
I'm really not :(,0,Im really not
Yepp,0,Yep p
:/ the titles may be repetitive but the content is all new. Itâ€™s business news reporting,0,the titles may be repetitive but the content is all new Its business news reporting
Get this old bag outta here,0,Get this old bag outta here
:P,0,P
If this guy worked out he would have the biggest shoulders of all time,0,If this guy worked out he would have the biggest shoulders of all time
"They never care to people like us it wasnâ€™t and it never will 
They only care to them !",0,They never care to people like us it wasnt and it never will They only care to them
Graham is on top of the game. As Always :D,0,Graham is on top of the game As Always D
Hi asapBIA,0,Hi asap BIA
Why hasnâ€™t nothing being done about her being a so-called Native American. She committed fraud every time she filled out an application and said she was Native American but nothing has been done,0,Why has nt nothing being done about her being a so called Native American She committed fraud every time she filled out an application and said she was Native American but nothing has been done
This man blocked the South Eastern Conference ğŸ˜‚ğŸ˜‚ğŸ˜‚ğŸ˜‚ğŸ˜‚,0,This man blocked the South Eastern Conference
"Further improve the nearly 10% profit in 2 weeks? Na, I'd just screw things up.",0,Further improve the nearly 10 profit in 2 weeks Na Id just screw things up
Millionaires are going to be made over night,0,Millionaires are going to be made over night
Me who just bought a house ğŸ‘ï¸ğŸ‘„ğŸ‘ï¸,0,Me who just bought a house
Just watch the video! I address the title!,0,Just watch the video I address the title
I will become hokage,0,I will become hokage
the SEC said that if u donâ€™t scroll back up to smash the like button under this video ur going to jail,0,the SEC said that if u dont scroll back up to smash the like button under this video ur going to jail
bro didnt even look at the bid-ask spread,0,bro didnt even look at the bid ask spread
Fun fact...the lottery is a negative expectation game. On average you're expected to lose money mathematically.,0,Fun fact the lottery is a negative expectation game On average you re expected to lose money mathematically
"@Nate O'Brien You could make a second channel and post some raw, not much edited footage of van life. It shouldn't take much effort and it would be really enjoyable for us! Just giving my opinion ğŸ‘ŠğŸ¼",0,Nate O Brien You could make a second channel and post some raw not much edited footage of van life It shouldnt take much effort and it would be really enjoyable for us Just giving my opinion
"True, but I just never think to pick up a camera. I enjoy living in the moment, sometimes I feel like recording everything would ruin it to be honest",0,True but I just never think to pick up a camera I enjoy living in the moment sometimes I feel like recording everything would ruin it to be honest
Love your content broğŸ‡¿ğŸ‡¦ğŸ‡¿ğŸ‡¦ğŸ‡¿ğŸ‡¦ğŸ‡¿ğŸ‡¦ğŸ‡¿ğŸ‡¦ğŸ‡¿ğŸ‡¦,0,Love your content bro
I said it with all the meme coins in March. The most interesting thing about these meme coins is they are an early case study of how decentralized communities work.,0,I said it with all the meme coins in March The most interesting thing about these meme coins is they are an early case study of how decentralized communities work
"But corruption, bribery, extortion, imperialism and greed is the American Way",0,But corruption bribery extortion imperialism and greed is the American Way
He straight up said tiktokers have an attention span of 10 seconds..ğŸ˜‚,0,He straight up said tik to kers have an attention span of 10 seconds
Home Depot and Lowes keep the prices high until they get rid of their inventory to protect their profits.  Then they are slow to lower prices but quick to raise them if futures prices rise!!  ğŸ™,0,Home Depot and Lowe s keep the prices high until they get rid of their inventory to protect their profits Then they are slow to lower prices but quick to raise them if futures prices rise
Hey Graham Stephan!,0,Hey Graham Stephan
The sec doesnâ€™t do shit I wouldnâ€™t worry ğŸ˜‚ğŸ˜‚ğŸ˜‚ğŸ¦ğŸ¦ğŸ¦,0,The sec doesnt do shit I wouldnt worry
We could just give up the petro dollar and have world peace.?. Nah just kidding ğŸ¤‘ğŸš€ğŸŒŒ,0,We could just give up the petro dollar and have world peace Nah just kidding
Assets are a great way to protect your money from inflation. Great video!,0,Assets are a great way to protect your money from inflation Great video
She is concerned about not having CONTROL not the people!!!!!!!!!,0,She is concerned about not having CONTROL not the people
Dorsey is an enemy of Freedom. Why the flyin F would anyone still trust him?,0,Dorsey is an enemy of Freedom Why the fly in F would anyone still trust him
@Graham Stephan scammer,0,Graham Stephan scam mer
"Insightful stuff, great video",0,Insightful stuff great video
9:25 False. The world runs on Dunkin,0,925 False The world runs on Dunkin
WELL DONE!,0,WELL DONE
I like this. I'm just getting into investing but I'm gonna throw some money in vanguard VDC,0,I like this Im just getting into investing but Im gonna throw some money in vanguard V DC
100th,0,100 th
"Buying gold, diamonds, and hodling profitable coins are sure ways to profit from inflation. Who knows how else...",0,Buying gold diamonds and ho dling profitable coins are sure ways to profit from inflation Who knows how else
"Nice Content You have here on this Channel, I've been following your videos, but I still don't have a knowledge on how to trade on Cryptocurrency",0,Nice Content You have here on this Channel Ive been following your videos but I still dont have a knowledge on how to trade on Crypto currency
Oil=dollar... So they want to cancel cryptocurrency but... Biden cancelled American oil for Iraq and Saudi oil ğŸ˜³,0,Oil dollar So they want to cancel crypto currency but Biden cancelled American oil for Iraq and Saudi oil
The lumber prices right now are killing me and my renovation dreams!,0,The lumber prices right now are killing me and my renovation dreams
"Nate's Beard, R.I.P.",0,Nate s Beard RIP
Love your vids but wish you wouldn't keep waving your arms around while talking ğŸ˜„,0,Love your vid s but wish you wouldnt keep waving your arms around while talking
Thanks! Feel free to write my analyst to guide you through in crypto for good ROI and get crypto strategies,0,Thanks Feel free to write my analyst to guide you through in crypto for good ROI and get crypto strategies
She drives a white Cherokee,0,She drives a white Cherokee
"If true, that is the most shocking thing I've hear in years (and we spent the last year locked down in our houses)",0,If true that is the most shocking thing Ive hear in years and we spent the last year locked down in our houses
Zero to millionaire?,0,Zero to millionaire
"Thanks for sharing - great insights on inflation! :) Since you asked for a video suggestion: would be really cool if you shared a snapshot of your insights into real estate investing. Something like a primer for people who have no prior experience with real estate investing: what to watch out for when looking at properties, how to calculate cashflow, etc. ğŸ™‚ Also, would be cool to hear what have been your learnings so far while living in a truck!",0,Thanks for sharing great insights on inflation Since you asked for a video suggestion would be really cool if you shared a snapshot of your insights into real estate investing Something like a primer for people who have no prior experience with real estate investing what to watch out for when looking at properties how to calculate cash flow etc Also would be cool to hear what have been your learning s so far while living in a truck
Wow BOOMBASTIC,0,Wow BOOM BA STIC
"please do forex related craziness again.
people love it.",0,please do for ex related craziness again people love it
haha nice one binary youtuber!,0,hah a nice one binary youtuber
What is puts,0,What is puts
Give some information about Solar wind token ğŸª™ pls sir,0,Give some information about Solar wind token pl s sir
i am _not_ uncertain.,0,i am not uncertain
Try trading futures bro.,0,Try trading futures bro
But Graham... Why are you feeding FEDs and telling us inflation is transitory and gold is worth nothing :( I'm sad now,0,But Graham Why are you feeding FEDs and telling us inflation is transitory and gold is worth nothing Im sad now
"Guys! all these is scam and retarded, I tried This and lost much money. The only way i have made real good money online 
is through affiliate marketing. I put a video on my channel about it , go and watch it and you will thank me later.",0,Guys all these is scam and retarded I tried This and lost much money The only way i have made real good money online is through affiliate marketing I put a video on my channel about it go and watch it and you will thank me later
F EW,0,F EW
"""The most terrifying words in the English language are: I'm from the government and I'm here to help."" (RR, 1986)",0,The most terrifying words in the English language are Im from the government and Im here to help RR 1986
How is it that every time I see a Nate thumbnail I immediately assume he is about to do something very evilâ€¦.,0,How is it that every time I see a Nate thumbnail I immediately assume he is about to do something very evil
Paradise Express youâ€™re right my bad! Did not realize the volume and open interest lmfaoo I thought it was due to IV. Youâ€™re right! Low liquidity,0,Paradise Express you re right my bad Did not realize the volume and open interest lmfao o I thought it was due to IV You re right Low liquidity
"@Michael Chad You're right my friend. A friend of mine introduced me to an Angell, that doubled my 80k in nine months. I'm certainly buying that Tesla this fall.",0,Michael Chad You re right my friend A friend of mine introduced me to an Angell that doubled my 80 k in nine months Im certainly buying that Tesla this fall
Damn biaheza is rly the feds nowğŸ˜‚ğŸ˜­,0,Damn bia he za is rly the feds now
Video starts at 11:20.,0,Video starts at 1120
richard wyckoff...thank me later,0,richard wyckoff thank me later
Market is so munipulated it's unreal,0,Market is so muni pula ted its unreal
it dropped to $5 why didnt you buy it then lol,0,it dropped to 5 why didnt you buy it then lol
Biaheza the GOAT!,0,Bia he za the GOAT
you bought the ask on illiquid options,0,you bought the ask on il liquid options
This video is awesome!! Very easy to understand!!ğŸ˜,0,This video is awesome Very easy to understand
"When<people get the signal and the confirmation of the bear market ""whenever it is"" as they say , their portfolio will already be 70% at the best minus! Investors and traders should try to be ahead of the market or at least react fast. Because all the indicators ""rsi-macd-Ema-..."" Are lagging indicators! So why would someone hold all the way from 65k to 32k , when he could double his position by selling and buying back. And wait for confirmations in any direction ... Slogans like HODL and Diamond hands are just for inexperienced Investors that think there is no other direction other than the moon. I'll advise current investors and newbies to take advantage of the William Donald program, an establishment that handles people who lack understanding on how to maneuver the crypto space through the rise and dip, to help them recover loss from the crash and also accumulate more positive returns, with h;is  program I went from having 2btc to 9btc in just 4 weeks. Lucas can be reached on ğŸ†ƒğŸ…´ğŸ…»ğŸ…´ğŸ…¶ğŸ†AğŸ…¼ (@ Wdonald1) to solve crypto-related issues.",0,When people get the signal and the confirmation of the bear market whenever it is as they say their portfolio will already be 70 at the best minus Investors and traders should try to be ahead of the market or at least react fast Because all the indicators rsi mac dEm a Are lagging indicators So why would someone hold all the way from 65 k to 32 k when he could double his position by selling and buying back And wait for confirmations in any direction Slogans like HOD L and Diamond hands are just for inexperienced Investors that think there is no other direction other than the moon Ill advise current investors and newbies to take advantage of the William Donald program an establishment that handles people who lack understanding on how to maneuver the crypto space through the rise and dip to help them recover loss from the crash and also accumulate more positive returns with his program I went from having 2 btc to 9 btc in just 4 weeks Lucas can be reached on A W donald 1 to solve crypto related issues
"I have been rich, and I have been broke. Some of it is my fault for choosing bad management and making bad investments. But that is life we all take risks.",0,I have been rich and I have been broke Some of it is my fault for choosing bad management and making bad investments But that is life we all take risks
So has Jack!!!,0,So has Jack
"Beware of scammers in the comment section impersonating me! I will never solicit you for money or ask you to join some sketchy crypto scheme. I will NEVER randomly give you my phone number, scammers are everywhere :)",0,Beware of scam mers in the comment section impersonating me I will never solicit you for money or ask you to join some sketchy crypto scheme I will NEVER randomly give you my phone number scam mers are everywhere
"Good take on things Graham, as always ğŸ‘Œ",0,Good take on things Graham as always
She sees the working class people empowering themselves. That's why this is happening.,0,She sees the working class people empowering themselves That s why this is happening
The need to buy dollars to buy oil is what truly gives the US dollar its power.,0,The need to buy dollars to buy oil is what truly gives the US dollar its power
Start 4:07,0,Start 407
@David Patton a politician? Lol,0,David Patton a politician Lol
Youâ€™re really shoehorning these ads huh? ğŸ’°,0,You re really shoehorning these ads huh
Thank god you blocked the south eastern conference ğŸ™…ğŸ¼â€â™‚ï¸,0,Thank god you blocked the south eastern conference
Oh they see the future.. and that future takes away power from them. They will do anything to control it,0,Oh they see the future and that future takes away power from them They will do anything to control it
@Biaheza will do,0,Bia he za will do
"Then donâ€™t invest in it, but donâ€™t tell us what to do with our money",0,Then dont invest in it but dont tell us what to do with our money
I sell building materials for a living mostly exterior and I can tell you cost on wood went down 10% our cost while metal has gone up 25% in the last month our cost. Roofing shingles have gone up 10%.,0,I sell building materials for a living mostly exterior and I can tell you cost on wood went down 10 our cost while metal has gone up 25 in the last month our cost Roofing shingles have gone up 10
ex-techlead is fukn awesome - why did Facebook unleash this beast into the wild .........ğŸ¤£ğŸ¤£ğŸ¤£ğŸ¤£,0,ex tech lead is fu kn awesome why did Facebook unleash this beast into the wild
Martin shkerili 101,0,Martin sh keri li 101
I bet pocahontas has a isht ton of Worthers Originals in her purse,0,I bet pocahontas has a is ht ton of Worth ers Originals in her purse
Oil is why you guys go to WAR ?,0,Oil is why you guys go to WAR
Love your vids,0,Love your vid s
"Let's go, he remembered his password!",0,Lets go he remembered his password
Story telling for views.,0,Story telling for views
Warren couldn't find her butt with both hands.,0,Warren couldnt find her butt with both hands
How is this guy not in jail?,0,How is this guy not in jail
stocks to watch in 2021?,0,stocks to watch in 2021
She is a Indian outlaw half Choctaw and Chippewa.,0,She is a Indian outlaw half Choctaw and Chippewa
"idk if I never noticed, but the setup is awesome! Really interesting premise, I'd love to see something similar with whale orders (not just CEOs/CFOs/etc, but just large orders)!",0,i dk if I never noticed but the setup is awesome Really interesting premise Id love to see something similar with whale orders not just CEOs CF Os etc but just large orders
"cryptohasnâ€™t seen massive momentum to enabled it erase much of the losses caused by the recent slump, this sell-off was a surrender among investors, and many clearly feared that the multi-month uptrend that led BTC to its alltime highs was over and a deep regres sion was imm inent. Never theless the bears have now gained full control over the price development of the crypto and are now able to record a clear further trend in the short term, this may be the super cycle everyone is talking about? the conditions of this bear market are unlike anything we have ever seen crypto still has a ways to go in terms of growth I've already invested in bitcoin trading which is very profit able earned much more than 8btc since its bear and it still going much more higher, through his tradn stra tegies which are top notch with Raymond Sammak Anthony I must confess it was easier to understand with his assistance connect Raymond 0n Í²Ò½le qrÎ±à¸• raymondsam01 only for crypto",0,crypto has nt seen massive momentum to enabled it erase much of the losses caused by the recent slump this sell off was a surrender among investors and many clearly feared that the multi month up trend that led BTC to its all time highs was over and a deep re gres sion was i mm in ent Never the less the bears have now gained full control over the price development of the crypto and are now able to record a clear further trend in the short term this may be the super cycle everyone is talking about the conditions of this bear market are unlike anything we have ever seen crypto still has a ways to go in terms of growth Ive already invested in bitcoin trading which is very profit able earned much more than 8 btc since its bear and it still going much more higher through his tra dn stra te gies which are top notch with Raymond Sam mak Anthony I must confess it was easier to understand with his assistance connect Raymond 0 n le qr raymond sam 01 only for crypto
The US definitely has the money for the stimulus packages. (6:16). Considering the defense department is asking the senate for $715 billion. Why wouldn't and shouldn't arguably the richest country to date not make sure its people are good? And before you say people will get lazy and stop working. It's simply false. Finland and Norway are evidence of it.,0,The US definitely has the money for the stimulus packages 616 Considering the defense department is asking the senate for 715 billion Why wouldnt and shouldnt arguably the richest country to date not make sure its people are good And before you say people will get lazy and stop working Its simply false Finland and Norway are evidence of it
You bring an excellent point!!,0,You bring an excellent point
Why not bridge it to harmony one ? they have an ETH bridge :D,0,Why not bridge it to harmony one they have an ETH bridge D
Why I didn't buy this 1 week ago? I was about to do it but I decided not to...,0,Why I didnt buy this 1 week ago I was about to do it but I decided not to
"You got that right! And pols donâ€™t like that, especially the overaged bipolar/serotonin imbalanced dem hippies.",0,You got that right And pols dont like that especially the over aged bipolar serotonin imbalanced dem hippies
@Tyler M in hindsight not enough.,0,Tyler M in hindsight not enough
Kowtow. Translation- we spend a lot on lobbyists.,0,Kowtow Translation we spend a lot on lobbyists
Notification squad ğŸ˜,0,Notification squad
The dems are knee deep in bailing out failing financial establishments. God forbid the people make money and not crooked dem politicians.,0,The dem s are knee deep in bailing out failing financial establishments God forbid the people make money and not crooked dem politicians
Baby driver is pretty good with his money. ğŸ˜ğŸš—ğŸ’¨  ğŸš“ğŸš“ğŸš“,0,Baby driver is pretty good with his money
"Graham I'm a successful onlyfans model who also just bought a house in Vegas!! I'm making a house tour video, and I want you to review it sooooo badddddddddd!!!!! This is a new channel i started, since my old one just got demonetized...so it would MAKE MY LIFE if you did a review on it. (I also dmed you in Instagraham!)",0,Graham Im a successful only fans model who also just bought a house in Vegas Im making a house tour video and I want you to review it soo ooo bad dddddd ddd This is a new channel i started since my old one just got de monet ize dso it would MAKE MY LIFE if you did a review on it I also d med you in Insta graham
Best comment,0,Best comment
Its going Down 5% omg its going to Crash ğŸ¤£ğŸ¤£ğŸ¤£ğŸ¤£,0,Its going Down 5 omg its going to Crash
First,0,First
i like you but you know nothing about crypto. to be honest..best of luck.,0,i like you but you know nothing about crypto to be honest best of luck
Scam,0,Scam
"You mean people can afford their mortgage payments *as long as they still keep their jobs* because if we have a major market and economic downturn (like if interest rates rise, more companies struggle to service their debt payments, then zombie companies could be a domino effect with the bubblicious housing market) then dun dun dun...",0,You mean people can afford their mortgage payments as long as they still keep their jobs because if we have a major market and economic downturn like if interest rates rise more companies struggle to service their debt payments then zombie companies could be a domino effect with the bu bb licious housing market then dun dun dun
Vitalik is a billionaire not a millionaire!,0,Vitali k is a billionaire not a millionaire
Next video do TA aswell to increase win rate,0,Next video do TA as well to increase win rate
Missed you man! Great video! ğŸ”¥ğŸ”¥,0,Missed you man Great video
Bottom of this coin dropped out. It's at .30 cents good dip to buy. The erc20 is the problem gas fees still there.,0,Bottom of this coin dropped out Its at 30 cents good dip to buy The er c 20 is the problem gas fees still there
"To the moon! And the most important part: Do not forget to get your friends and relatives to buy in on this. If your grandma doesn't buy this, it will forever remain just these 5000 millionaires owning all of it. And selling it to each other....",0,To the moon And the most important part Do not forget to get your friends and relatives to buy in on this If your grandma doesnt buy this it will forever remain just these 5000 millionaires owning all of it And selling it to each other
Ur comment isn't the best bur ur hat is on point,0,Ur comment isnt the best bur ur hat is on point
respect ğŸ‘,0,respect
He bought high..or someone bought him.,0,He bought high or someone bought him
Try doing NFT games especially Axie Infinity,0,Try doing N FT games especially A xie Infinity
misleading title,0,misleading title
Wheres xrp in trending,0,Where s x rp in trending
"""If I disappear, this is because of this video.""",0,If I disappear this is because of this video
This was a very informative video on how inflation affects our economy. Continue making more videos on different facets of economic factors that will make us think how our economy works.,0,This was a very informative video on how inflation affects our economy Continue making more videos on different facets of economic factors that will make us think how our economy works
Why no subscribers ? ğŸ˜‚ğŸ¤®ğŸ’©ğŸ†ğŸ©ğŸ†,0,Why no subscribers
I just realized what a masterpiece your thumbnail is,0,I just realized what a masterpiece your thumbnail is
â€œFBI JUST ENTERED THE CHATâ€,0,FBI JUST ENTERED THE CHAT
"Lot's of good information here. It's mainly common sense, but common sense is in short supply these days. Keep them coming.",0,Lots of good information here Its mainly common sense but common sense is in short supply these days Keep them coming
Thanks means a lot!,0,Thanks means a lot
Good to be back!,0,Good to be back
"Assets that are valuable during hard times are things that people need to survive real estate, food, commodities, energy, medicine stuff like that.",0,Assets that are valuable during hard times are things that people need to survive real estate food commodities energy medicine stuff like that
@Graham Stephan no Graham especially not you,0,Graham Stephan no Graham especially not you
Are you still living in your truck?,0,Are you still living in your truck
Enough with the clickbait,0,Enough with the click bait
Solid video.,0,Solid video
Dogecoin too dude,0,Doge coin too dude
This statement alone makes me want to vote for you if you ever run for office!,0,This statement alone makes me want to vote for you if you ever run for office
Yes,0,Yes
"She is one of the about 6 politicians out of 300 that actually havs tried to help people. Maybe nor doing things the right way here but means well. 90% of all politicians on both sides are owned by Wallstreet, big pharmaceutical, oil companies, and so on. We have taxation without representation hence we live in a kleptocracy where the lefts blames the rich and the right blames the government, meanwhile the rich control the government ğŸ¤”",0,She is one of the about 6 politicians out of 300 that actually ha vs tried to help people Maybe nor doing things the right way here but means well 90 of all politicians on both sides are owned by Wall street big pharmaceutical oil companies and so on We have taxation without representation hence we live in a klepto c racy where the left s blames the rich and the right blames the government meanwhile the rich control the government
"Well, you better begin telling us what the favorable info is all about... I checked your page and you did have some significance to speak about carving an extra profit on cryptocurrency",0,Well you better begin telling us what the favorable info is all about I checked your page and you did have some significance to speak about carving an extra profit on crypto currency
"Food and gas are my biggest expense  outside rent,  and guess what! Rent is going up tooo!!!! Core inflation is bollocks",0,Food and gas are my biggest expense outside rent and guess what Rent is going up to oo Core inflation is bollocks
Seems hair brained to me!,0,Seems hair brained to me
Mr Techlead you speak the truth,0,Mr Tech lead you speak the truth
Pocahontas at it again...,0,Pocahontas at it again
"@TechLead Thank you for your reply! Congrats on the decision to launch this exciting project.. I'm glad to be part of it. 
To the Moon!!!",0,Tech Lead Thank you for your reply Congrats on the decision to launch this exciting project Im glad to be part of it To the Moon
*blocks football conference to hide insider trading*,0,blocks football conference to hide insider trading
"but when you die none of it will matter, we all on borrowed time",0,but when you die none of it will matter we all on borrowed time
"If you like government regulation and involvement in all aspects of your life, vote Democrat.",0,If you like government regulation and involvement in all aspects of your life vote Democrat
is she a psychopath ??? maybe ? weirdo,0,is she a psychopath maybe weirdo
